{
  "valid": true,
  "type": "bv-238",
  "speed": 76.829269,
  "vario": 2.567060,
  "altitude_hour": 3621.645996,
  "altitude_min": 621.645996,
  "aviahorizon_roll": 0.249603,
  "aviahorizon_pitch": -2.843845,
  "bank": 0.062328,
  "bank1": 0.061579,
  "turn": 0.001343,
  "turn1": 0.001343,
  "compass": 229.949509,
  "manifold_pressure": 1.419943,
  "manifold_pressure1": 1.419940,
  "manifold_pressure2": 1.419940,
  "manifold_pressure3": 1.419941,
  "manifold_pressure4": 1.419942,
  "manifold_pressure5": 1.419942,
  "rpm": 2700.053467,
  "rpm1": 2699.997803,
  "rpm2": 2699.997070,
  "rpm3": 2699.995361,
  "rpm4": 2699.993652,
  "rpm5": 2699.992676,
  "oil_pressure": 100.872864,
  "oil_pressure1": 100.871643,
  "oil_pressure2": 100.871368,
  "oil_pressure3": 100.871948,
  "oil_pressure4": 100.871948,
  "oil_pressure5": 100.871582,
  "oil_temperature": 100.872864,
  "oil_temperature1": 100.871643,
  "oil_temperature2": 100.871368,
  "oil_temperature3": 100.871948,
  "oil_temperature4": 100.871948,
  "oil_temperature5": 100.871582,
  "water_temperature": 116.625305,
  "water_temperature1": 116.624268,
  "water_temperature2": 116.623932,
  "water_temperature3": 116.624390,
  "water_temperature4": 116.624451,
  "water_temperature5": 116.624237,
  "fuel": 6780.670898,
  "fuel_pressure": 10.999541,
  "fuel_pressure1": 10.999541,
  "fuel_pressure2": 10.999541,
  "fuel_pressure3": 10.999541,
  "fuel_pressure4": 10.999541,
  "fuel_pressure5": 10.999541,
  "gears_lamp": 1.000000
}